Popularity in 2005,,,,
Rank,Male name,Number of,Female name,Number of
,,males,,females
1,Jacob,"25,838",Emily,"23,948"
2,Michael,"23,822",Emma,"20,349"
3,Joshua,"23,258",Madison,"19,572"
4,Matthew,"21,473",Abigail,"15,753"
5,Ethan,"21,315",Olivia,"15,698"
6,Andrew,"20,736",Isabella,"15,192"
7,Daniel,"20,221",Hannah,"14,851"
8,Anthony,"19,382",Samantha,"13,639"
9,Joseph,"19,227",Ava,"13,606"
10,Christopher,"19,171",Ashley,"13,274"
11,William,"19,054",Elizabeth,"12,735"
12,David,"18,128",Sophia,"12,674"
13,Alexander,"18,127",Alexis,"11,973"
14,Ryan,"17,985",Grace,"11,865"
15,Nicholas,"17,075",Sarah,"11,540"
16,Tyler,"16,987",Alyssa,"10,891"
17,James,"16,138",Mia,"10,844"
18,John,"15,779",Natalie,"10,741"
19,Jonathan,"14,441",Chloe,"9,596"
20,Nathan,"14,360",Brianna,"9,370"
21,Samuel,"14,258",Lauren,"9,247"
22,Christian,"14,207",Anna,"9,105"
23,Noah,"13,897",Ella,"9,070"
24,Dylan,"13,781",Taylor,"8,672"
25,Benjamin,"13,579",Kayla,"8,619"
26,Logan,"13,473",Hailey,"8,591"
27,Brandon,"12,946",Jessica,"8,115"
28,Gabriel,"12,758",Victoria,"7,958"
29,Zachary,"12,288",Jasmine,"7,872"
30,Jose,"12,064",Sydney,"7,376"
31,Elijah,"11,610",Julia,"7,087"
32,Angel,"10,989",Destiny,"6,892"
33,Kevin,"10,914",Morgan,"6,749"
34,Jack,"10,904",Kaitlyn,"6,521"
35,Caleb,"10,894",Savannah,"6,483"
36,Justin,"10,516",Katherine,"6,391"
37,Robert,"10,166",Alexandra,"6,317"
38,Austin,"10,111",Rachel,"6,216"
39,Evan,"10,108",Lily,"6,089"
40,Thomas,"10,038",Kaylee,"5,870"
41,Luke,"10,011",Megan,"5,856"
42,Mason,"9,769",Jennifer,"5,835"
43,Aidan,"9,759",Angelina,"5,812"
44,Jackson,"9,579",Makayla,"5,727"
45,Isaiah,"9,523",Allison,"5,634"
46,Jordan,"9,398",Maria,"5,597"
47,Gavin,"9,339",Brooke,"5,570"
48,Connor,"9,320",Trinity,"5,454"
49,Isaac,"9,125",Faith,"5,255"
50,Aiden,"9,083",Lillian,"5,213"
51,Jason,"8,612",Mackenzie,"5,197"
52,Cameron,"8,574",Sofia,"5,162"
53,Hunter,"8,511",Haley,"5,127"
54,Jayden,"8,260",Riley,"5,126"
55,Juan,"8,230",Gabrielle,"5,017"
56,Charles,"7,930",Nicole,"4,989"
57,Aaron,"7,806",Kylie,"4,969"
58,Lucas,"7,576",Zoe,"4,963"
59,Luis,"7,465",Katelyn,"4,928"
60,Owen,"7,168",Paige,"4,906"
61,Landon,"7,110",Gabriella,"4,822"
62,Diego,"6,941",Jenna,"4,794"
63,Brian,"6,919",Kimberly,"4,751"
64,Adam,"6,843",Stephanie,"4,700"
65,Adrian,"6,726",Andrea,"4,671"
66,Eric,"6,696",Alexa,"4,664"
67,Nathaniel,"6,687",Avery,"4,654"
68,Ian,"6,686",Leah,"4,598"
69,Kyle,"6,686",Nevaeh,"4,558"
70,Carlos,"6,562",Madeline,"4,528"
71,Alex,"6,486",Evelyn,"4,488"
72,Bryan,"6,454",Mary,"4,467"
73,Jesus,"6,376",Maya,"4,430"
74,Julian,"6,115",Michelle,"4,312"
75,Sean,"5,997",Sara,"4,280"
76,Hayden,"5,916",Jada,"4,265"
77,Carter,"5,899",Audrey,"4,136"
78,Jeremiah,"5,843",Brooklyn,"4,132"
79,Cole,"5,586",Amanda,"4,095"
80,Brayden,"5,512",Vanessa,"4,093"
81,Wyatt,"5,356",Rebecca,"4,013"
82,Chase,"5,199",Ariana,"3,980"
83,Steven,"5,077",Caroline,"3,973"
84,Timothy,"5,031",Amelia,"3,908"
85,Dominic,"4,992",Mariah,"3,841"
86,Sebastian,"4,955",Jordan,"3,695"
87,Xavier,"4,875",Jocelyn,"3,681"
88,Jaden,"4,849",Arianna,"3,672"
89,Jesse,"4,745",Isabel,"3,611"
90,Devin,"4,715",Autumn,"3,601"
91,Seth,"4,712",Marissa,"3,592"
92,Antonio,"4,692",Melanie,"3,495"
93,Miguel,"4,675",Aaliyah,"3,458"
94,Richard,"4,667",Gracie,"3,371"
95,Colin,"4,532",Claire,"3,293"
96,Cody,"4,529",Isabelle,"3,283"
97,Alejandro,"4,479",Molly,"3,214"
98,Caden,"4,438",Mya,"3,207"
99,Blake,"4,417",Katie,"3,167"
100,Kaden,"4,364",Diana,"3,156"
101,Carson,"4,354",Amber,"3,146"
102,Henry,"4,179",Danielle,"3,133"
103,Jake,"4,153",Leslie,"3,122"
104,Liam,"4,152",Melissa,"3,084"
105,Victor,"4,139",Sierra,"3,048"
106,Riley,"4,110",Addison,"3,023"
107,Ashton,"4,067",Madelyn,"3,021"
108,Patrick,"4,044",Bailey,"2,991"
109,Bryce,"3,903",Catherine,"2,984"
110,Brady,"3,781",Gianna,"2,962"
111,Vincent,"3,745",Amy,"2,956"
112,Trevor,"3,682",Erin,"2,907"
113,Tristan,"3,591",Jade,"2,897"
114,Mark,"3,528",Angela,"2,895"
115,Jeremy,"3,486",Gabriela,"2,866"
116,Marcus,"3,473",Jacqueline,"2,849"
117,Oscar,"3,460",Shelby,"2,839"
118,Jorge,"3,440",Kennedy,"2,826"
119,Parker,"3,404",Lydia,"2,777"
120,Cooper,"3,393",Alondra,"2,721"
121,Kaleb,"3,393",Adriana,"2,706"
122,Kenneth,"3,368",Daniela,"2,652"
123,Joel,"3,272",Natalia,"2,652"
124,Garrett,"3,262",Breanna,"2,640"
125,Josiah,"3,258",Kathryn,"2,576"
126,Ivan,"3,238",Briana,"2,542"
127,Conner,"3,206",Ashlyn,"2,539"
128,Alan,"3,205",Rylee,"2,521"
129,Eduardo,"3,180",Eva,"2,475"
130,Paul,"3,140",Ruby,"2,471"
131,Tanner,"3,075",Peyton,"2,462"
132,Alexis,"3,049",Kendall,"2,456"
133,Braden,"3,046",Alexandria,"2,454"
134,Edward,"2,971",Christina,"2,452"
135,Omar,"2,966",Charlotte,"2,444"
136,Nicolas,"2,965",Sophie,"2,440"
137,Jared,"2,923",Valeria,"2,429"
138,Peyton,"2,842",Reagan,"2,425"
139,George,"2,823",Naomi,"2,421"
140,Maxwell,"2,809",Summer,"2,411"
141,Levi,"2,749",Kate,"2,404"
142,Cristian,"2,745",Mikayla,"2,395"
143,Stephen,"2,743",Angel,"2,388"
144,Francisco,"2,742",Layla,"2,383"
145,Collin,"2,732",Miranda,"2,357"
146,Preston,"2,728",Ana,"2,354"
147,Ayden,"2,722",Laura,"2,353"
148,Dakota,"2,721",Alicia,"2,344"
149,Nolan,"2,718",Ciara,"2,324"
150,Micah,"2,711",Daisy,"2,323"
151,Gage,"2,702",Margaret,"2,311"
152,Eli,"2,690",Zoey,"2,274"
153,Manuel,"2,665",Aubrey,"2,264"
154,Grant,"2,658",Skylar,"2,241"
155,Colton,"2,657",Genesis,"2,224"
156,Damian,"2,630",Kylee,"2,199"
157,Ricardo,"2,626",Courtney,"2,195"
158,Giovanni,"2,600",Payton,"2,184"
159,Emmanuel,"2,575",Kiara,"2,149"
160,Andres,"2,573",Alexia,"2,125"
161,Malachi,"2,552",Jillian,"2,121"
162,Peter,"2,552",Lindsey,"2,094"
163,Cesar,"2,519",Mckenzie,"2,078"
164,Javier,"2,501",Karen,"2,065"
165,Max,"2,495",Mariana,"2,062"
166,Shane,"2,459",Giselle,"2,058"
167,Hector,"2,458",Valerie,"2,034"
168,Edgar,"2,453",Serenity,"1,987"
169,Ty,"2,450",Sabrina,"1,979"
170,Fernando,"2,440",Alana,"1,973"
171,Jeffrey,"2,424",Cheyenne,"1,966"
172,Derek,"2,419",Lucy,"1,963"
173,Bradley,"2,409",Kelsey,"1,960"
174,Shawn,"2,368",Sadie,"1,954"
175,Travis,"2,366",Kelly,"1,952"
176,Brendan,"2,360",Juliana,"1,948"
177,Spencer,"2,316",Bianca,"1,925"
178,Edwin,"2,304",Nadia,"1,923"
179,Mario,"2,300",Kyra,"1,912"
180,Dalton,"2,255",Lilly,"1,907"
181,Erick,"2,243",Jasmin,"1,905"
182,Johnathan,"2,242",Caitlyn,"1,898"
183,Erik,"2,228",Hope,"1,891"
184,Jonah,"2,222",Ellie,"1,889"
185,Donovan,"2,184",Cassandra,"1,867"
186,Leonardo,"2,145",Jazmin,"1,865"
187,Elias,"2,116",Crystal,"1,855"
188,Marco,"2,116",Jordyn,"1,844"
189,Wesley,"2,113",Cassidy,"1,833"
190,Trenton,"2,103",Delaney,"1,828"
191,Devon,"2,097",Liliana,"1,797"
192,Abraham,"2,045",Angelica,"1,788"
193,Brody,"2,034",Caitlin,"1,778"
194,Jaylen,"1,998",Kyla,"1,770"
195,Bryson,"1,980",Adrianna,"1,769"
196,Raymond,"1,965",Tiffany,"1,766"
197,Josue,"1,951",Jayla,"1,765"
198,Drew,"1,950",Abby,"1,754"
199,Sergio,"1,949",Carly,"1,748"
200,Damien,"1,938",Chelsea,"1,734"
201,Andy,"1,925",Camila,"1,719"
202,Gregory,"1,901",Erica,"1,717"
203,Dillon,"1,897",Karla,"1,716"
204,Roberto,"1,877",Makenzie,"1,715"
205,Roman,"1,864",Paris,"1,693"
206,Martin,"1,835",Veronica,"1,681"
207,Andre,"1,827",Cadence,"1,669"
208,Jace,"1,797",Bella,"1,664"
209,Oliver,"1,793",Brenda,"1,661"
210,Miles,"1,755",Maggie,"1,658"
211,Harrison,"1,717",Mckenna,"1,657"
212,Jalen,"1,708",Karina,"1,630"
213,Corey,"1,703",Makenna,"1,619"
214,Dominick,"1,689",Esmeralda,"1,618"
215,Avery,"1,662",Julianna,"1,618"
216,Clayton,"1,662",Erika,"1,616"
217,Israel,"1,654",Elena,"1,604"
218,Pedro,"1,645",Jamie,"1,598"
219,Calvin,"1,619",Mallory,"1,586"
220,Colby,"1,603",Alejandra,"1,583"
221,Dawson,"1,600",Cynthia,"1,573"
222,Taylor,"1,576",Ariel,"1,567"
223,Cayden,"1,573",Vivian,"1,560"
224,Jaiden,"1,565",Jayden,"1,519"
225,Landen,"1,537",Dakota,"1,514"
226,Troy,"1,525",Amaya,"1,513"
227,Julio,"1,517",Bethany,"1,504"
228,Rafael,"1,491",Elise,"1,494"
229,Trey,"1,491",Josephine,"1,490"
230,Jaxon,"1,488",Haylee,"1,483"
231,Frank,"1,480",Aniyah,"1,481"
232,Dustin,"1,476",Keira,"1,467"
233,Scott,"1,474",Aliyah,"1,462"
234,Ruben,"1,465",Laila,"1,452"
235,Camden,"1,463",Camryn,"1,442"
236,Mitchell,"1,447",Fatima,"1,422"
237,Zane,"1,434",Reese,"1,413"
238,Payton,"1,429",Monica,"1,409"
239,Kai,"1,413",Annabelle,"1,405"
240,Skyler,"1,403",Lindsay,"1,398"
241,Johnny,"1,394",Kira,"1,390"
242,Keegan,"1,390",Selena,"1,379"
243,Brett,"1,389",Macy,"1,368"
244,Griffin,"1,375",Hanna,"1,342"
245,Derrick,"1,372",Heaven,"1,334"
246,Marcos,"1,360",Katrina,"1,328"
247,Drake,"1,336",Clara,"1,326"
248,Raul,"1,332",Jazmine,"1,313"
249,Braxton,"1,316",Jadyn,"1,312"
250,Kaiden,"1,315",Stella,"1,308"
251,Gerardo,"1,312",Kailey,"1,298"
252,Simon,"1,312",Nina,"1,287"
253,Armando,"1,311",Alaina,"1,282"
254,Grayson,"1,308",Rebekah,"1,281"
255,Ronald,"1,302",Allie,"1,280"
256,Kayden,"1,298",Guadalupe,"1,272"
257,Angelo,"1,294",Allyson,"1,271"
258,Chance,"1,275",Savanna,"1,269"
259,Leo,"1,274",Piper,"1,261"
260,Brock,"1,260",Alison,"1,256"
261,Enrique,"1,259",Aniya,"1,246"
262,Lukas,"1,257",Kendra,"1,243"
263,Jaime,"1,256",Cameron,"1,241"
264,Lance,"1,255",Eleanor,"1,237"
265,Malik,"1,252",Hayley,"1,234"
266,Dante,"1,240",Kayleigh,"1,233"
267,Tyson,"1,238",Kara,"1,229"
268,Phillip,"1,233",Carmen,"1,227"
269,Fabian,"1,230",Tessa,"1,224"
270,Emanuel,"1,229",Ashlee,"1,219"
271,Allen,"1,228",Meghan,"1,219"
272,Trent,"1,225",Celeste,"1,203"
273,Tucker,"1,224",Brooklynn,"1,201"
274,Emilio,"1,216",Kamryn,"1,201"
275,Jakob,"1,214",Nora,"1,197"
276,Hudson,"1,209",Brittany,"1,193"
277,Maddox,"1,207",Esther,"1,193"
278,Santiago,"1,204",Lizbeth,"1,193"
279,Xander,"1,202",Julissa,"1,191"
280,Aden,"1,200",Cecilia,"1,189"
281,Rylan,"1,180",Jaden,"1,187"
282,Kameron,"1,176",Miriam,"1,187"
283,Kyler,"1,176",Julie,"1,181"
284,Pablo,"1,169",Joanna,"1,167"
285,Keith,"1,165",Asia,"1,162"
286,Cade,"1,162",Desiree,"1,161"
287,Adan,"1,156",Michaela,"1,153"
288,Asher,"1,156",Alayna,"1,149"
289,Donald,"1,150",Alivia,"1,141"
290,Alberto,"1,137",Camille,"1,139"
291,Darius,"1,134",Carolina,"1,133"
292,Alec,"1,127",Anastasia,"1,126"
293,Zion,"1,120",Tatiana,"1,124"
294,Gustavo,"1,114",Katelynn,"1,113"
295,Saul,"1,113",Ashlynn,"1,107"
296,Ryder,"1,110",Estrella,"1,105"
297,Casey,"1,101",Kaylie,"1,101"
298,Gael,"1,101",Emely,"1,079"
299,Theodore,"1,095",Sienna,"1,075"
300,Arturo,"1,093",Heather,"1,067"
301,Mathew,"1,093",Diamond,"1,057"
302,Mateo,"1,088",April,"1,054"
303,Jimmy,"1,085",Shannon,"1,053"
304,Quinn,"1,085",Eliana,"1,052"
305,Jude,"1,083",Eliza,"1,045"
306,Randy,"1,082",Ivy,"1,045"
307,Sawyer,"1,069",Jayda,"1,045"
308,Ezekiel,"1,068",Leila,"1,043"
309,Corbin,"1,067",Paola,"1,041"
310,Zackary,"1,066",Holly,"1,040"
311,Myles,"1,064",Melody,"1,039"
312,Brennan,"1,054",Natasha,"1,028"
313,Danny,"1,050",Claudia,"1,022"
314,Axel,"1,047",Daniella,"1,021"
315,Jerry,"1,043",Skyler,"1,019"
316,Lane,"1,039",Sandra,"1,018"
317,Dennis,"1,036",Josie,"1,017"
318,Tony,"1,030",Nancy,"1,014"
319,Lorenzo,"1,028",Georgia,"1,007"
320,Esteban,"1,023",Callie,"1,004"
321,Damon,"1,007",Kaitlin,"1,003"
322,Braeden,"1,004",Kirsten,"1,003"
323,Brenden,"1,002",Eden,"1,001"
324,Louis,"1,001",Heidi,994
325,Philip,993,Cindy,988
326,Brayan,978,Kristen,984
327,Curtis,960,Annika,979
328,Nickolas,939,Itzel,975
329,Charlie,934,Bridget,971
330,Jayson,923,Madeleine,968
331,Jonathon,921,Rose,967
332,Quentin,913,Yasmin,963
333,Zander,911,Helen,960
334,Morgan,901,Emilee,954
335,Ismael,898,Leilani,954
336,Nikolas,898,Aurora,952
337,Emiliano,885,Kiera,942
338,Gary,877,Rylie,941
339,Amir,872,Kathleen,934
340,Chandler,870,Marisol,928
341,Albert,869,Tara,928
342,Tristen,869,Denise,917
343,Darren,864,Tatum,915
344,Mekhi,861,Kadence,911
345,Salvador,861,Dayanara,909
346,Abel,855,Priscilla,908
347,Jay,852,Ruth,908
348,Ezra,851,Raven,904
349,Caiden,849,Kristina,903
350,Joaquin,847,Wendy,901
351,Alfredo,844,Ryleigh,899
352,Julius,843,Anahi,893
353,Declan,842,Ximena,890
354,Camron,840,Talia,888
355,Moises,835,Brenna,885
356,Arthur,830,Patricia,879
357,Holden,830,Iris,878
358,Larry,828,Madalyn,875
359,Douglas,821,Kaydence,874
360,Braylon,818,Kassandra,870
361,Bryant,814,Nyla,869
362,Dallas,814,Serena,869
363,Orlando,813,Lexi,868
364,Ramon,813,Sage,868
365,Keaton,808,Perla,865
366,Marvin,808,Lucia,852
367,Mauricio,807,Meredith,852
368,Ernesto,804,Alissa,849
369,Walker,803,Violet,846
370,Joe,796,Janiya,845
371,Hugo,795,Nayeli,844
372,Reece,779,Fiona,843
373,Cory,773,Lola,843
374,Walter,770,Sasha,843
375,Felix,769,Harley,841
376,Ricky,768,Angie,836
377,Chad,767,Annie,836
378,Maximus,766,Sidney,834
379,Yahir,762,Izabella,829
380,Marc,759,Samara,825
381,Tate,759,Madisyn,819
382,Ali,758,Kiana,817
383,Dean,755,Mercedes,817
384,Jonas,755,Dulce,815
385,Braydon,752,Kiley,815
386,Elliot,750,Shayla,815
387,Isiah,742,Jimena,811
388,Weston,742,Litzy,810
389,Jaxson,739,Kyleigh,809
390,Easton,735,Alina,808
391,Bennett,734,Marisa,800
392,Davis,730,Rachael,797
393,Rodrigo,730,Fernanda,795
394,Russell,730,Genevieve,795
395,Lawrence,725,Tori,795
396,Chris,723,Christine,792
397,Shaun,722,Dana,791
398,Nasir,714,Harmony,790
399,Eddie,708,Paulina,789
400,Luca,706,Yesenia,786
401,Uriel,706,Lesly,783
402,Kristopher,705,Nia,782
403,Javon,703,Maritza,780
404,Reese,699,Hailee,779
405,Issac,698,Johanna,778
406,Terry,693,Lauryn,777
407,Micheal,684,Rosa,776
408,Graham,670,Casey,769
409,Zachariah,667,Joselyn,762
410,Amari,666,Marina,759
411,Maurice,661,Logan,758
412,Silas,659,Imani,757
413,Elliott,658,Cierra,756
414,Kade,656,Alice,754
415,Carl,652,Linda,751
416,Beau,645,Kaylin,750
417,Roger,644,Hayden,747
418,Jamarion,640,Malia,741
419,Marshall,640,Clarissa,737
420,Omarion,639,Brynn,736
421,Jadon,637,Halle,735
422,Leonel,633,Skye,734
423,Jamari,631,Kassidy,733
424,Reid,627,Scarlett,733
425,Tommy,626,Phoebe,730
426,Zachery,626,Viviana,722
427,Dorian,625,America,719
428,Melvin,624,Krystal,719
429,Davion,621,Britney,717
430,Jon,619,Gloria,717
431,Noe,619,Rubi,716
432,Cohen,618,Francesca,714
433,Kelvin,617,Amya,712
434,Guillermo,616,Emilia,711
435,Jaylin,609,Anne,709
436,Jeffery,607,Shania,707
437,Rowan,603,Lana,705
438,Jaydon,600,Lacey,696
439,Deandre,599,Elaina,695
440,Justice,598,Ainsley,691
441,Nelson,594,Haylie,687
442,Noel,591,Madyson,684
443,Jessie,590,Emerson,683
444,Branden,588,Elisabeth,682
445,Felipe,582,Virginia,681
446,Kristian,580,Anya,680
447,Rodney,578,Bryanna,680
448,Nathanael,576,Lila,680
449,Jermaine,572,Maddison,680
450,Frederick,569,Ryan,676
451,Franklin,567,Kaleigh,675
452,Khalil,566,Cora,673
453,Skylar,563,Teresa,672
454,Brent,562,Tiana,669
455,Terrance,562,Nataly,667
456,Billy,560,Taryn,666
457,Dane,560,Alessandra,664
458,Jayce,560,Macie,664
459,Quinton,559,Miracle,663
460,Sam,557,Kiersten,662
461,Allan,555,Athena,659
462,Kenny,555,Valentina,657
463,Jamal,553,Brielle,656
464,Rogelio,548,Sarai,656
465,Quincy,547,Hallie,655
466,Nehemiah,545,Jaiden,653
467,Ahmad,542,Lena,653
468,Solomon,535,Regan,653
469,Izaiah,534,Alyson,652
470,Brendon,531,Noelle,652
471,Desmond,530,Whitney,652
472,Reed,530,Jane,651
473,Roy,530,Marley,651
474,Jaylon,528,Lilian,650
475,Phoenix,527,Raquel,648
476,Toby,527,Kaitlynn,647
477,Kody,526,Tania,645
478,Rene,524,Deanna,639
479,Mohamed,523,Janiyah,639
480,Osvaldo,522,Teagan,636
481,Terrell,519,Anaya,635
482,Tobias,516,Laney,635
483,Wilson,516,Aileen,633
484,Alvin,515,Amari,633
485,Conor,514,Tabitha,630
486,Jameson,513,Carley,628
487,Triston,510,Cristina,627
488,Cyrus,509,Ayanna,626
489,Tomas,509,Carolyn,626
490,Bobby,504,Emilie,624
491,Byron,503,Alisha,623
492,Craig,503,Liberty,622
493,Trevon,503,Lisa,619
494,Will,503,Raegan,619
495,Lincoln,502,Alanna,618
496,Pierce,502,Anika,613
497,Maximilian,497,India,613
498,Anderson,496,Jenny,613
499,Demetrius,496,Madilyn,610
500,Rodolfo,496,Baylee,606
501,Reginald,494,Jaelyn,606
502,Zackery,494,Abbigail,601
503,Rohan,493,Lillie,599
504,Bruce,490,Martha,595
505,Harley,486,Elle,594
506,Jett,486,Yadira,593
507,Wade,486,Marie,590
508,Damion,484,Natalee,590
509,Adolfo,483,Carla,584
510,Joey,482,Joy,584
511,Judah,481,Kailyn,583
512,Willie,481,Presley,582
513,Marlon,478,Tamia,581
514,Bailey,477,Hazel,577
515,Cruz,477,Laci,576
516,River,476,Mckayla,576
517,Isaias,475,Janelle,571
518,Moses,475,Destinee,566
519,Steve,475,Ashleigh,565
520,Gerald,472,Haleigh,562
521,Kellen,471,Kaelyn,562
522,Marquis,471,Isis,561
523,Kendall,470,Maia,558
524,Leon,470,Norah,558
525,Blaine,467,Jaqueline,556
526,Francis,463,Kali,554
527,Grady,462,Danna,548
528,Harry,459,Alexus,547
529,Finn,458,Sylvia,546
530,Gilberto,457,Larissa,545
531,Dayton,456,Dominique,543
532,Deven,456,Willow,542
533,Johnathon,456,Elisa,541
534,Alfonso,455,Isabela,539
535,Everett,455,Kristin,539
536,Titus,453,Justice,538
537,Alonzo,452,London,538
538,Jasper,451,Marlene,537
539,Gunnar,450,Melany,537
540,Malcolm,448,Macey,536
541,Talan,446,Carlie,534
542,Ben,445,Helena,529
543,Trace,445,Precious,529
544,Kobe,444,Renee,529
545,Rocco,442,Yasmine,528
546,Johan,439,Aspen,525
547,Ariel,438,Judith,525
548,Ulises,438,Brittney,524
549,Ezequiel,437,Madelynn,524
550,Jamie,435,Cara,522
551,Warren,435,Simone,522
552,Jamison,433,Adeline,521
553,Kendrick,433,Tia,521
554,Abram,432,Daphne,520
555,Rolando,431,Ellen,516
556,Jerome,429,Lia,516
557,Tristin,429,Monique,516
558,Orion,427,Dayana,513
559,Jairo,425,Kaley,513
560,Ahmed,424,Penelope,513
561,Devan,423,Janet,512
562,Damarion,422,Marilyn,512
563,Ray,420,Melina,510
564,Vicente,420,Gwendolyn,508
565,Greyson,418,Kierra,508
566,Gianni,417,Skyla,508
567,Kadin,413,Jessie,507
568,Ronnie,412,Mikaela,507
569,Stanley,410,Nathalie,503
570,Jase,409,Zoie,502
571,Kieran,408,Amara,501
572,Ramiro,408,Sharon,501
573,Brodie,407,Kenzie,500
574,Porter,405,Aubree,499
575,Tyrone,405,Kailee,499
576,Colten,404,Maci,499
577,Darrell,404,Jaida,498
578,Terrence,403,Carissa,497
579,Jarrett,398,Lilliana,495
580,Alvaro,395,Irene,491
581,Addison,393,Lexie,490
582,Braiden,391,Janessa,488
583,Todd,390,Lorena,488
584,Emerson,387,Sonia,488
585,Kolby,387,Delilah,487
586,Rudy,386,Tiara,487
587,Ibrahim,385,Araceli,486
588,Davin,384,Susan,485
589,Lee,384,Juliet,484
590,Leonard,384,Krista,482
591,Cedric,382,Kimora,481
592,Deshawn,381,Amira,480
593,Keenan,381,Alma,479
594,Emmett,380,Luna,477
595,Alijah,379,Gina,476
596,Neil,379,Jazmyn,476
597,Quintin,379,Regina,476
598,Gilbert,378,Karissa,474
599,Karson,378,Maribel,474
600,Elisha,377,Reyna,474
601,Kole,376,Kasey,473
602,Randall,375,Lea,473
603,Aldo,373,Luz,472
604,Darian,373,Patience,472
605,Davon,373,Shaniya,470
606,Ronan,372,Elaine,469
607,Cristopher,371,Saniya,469
608,Leland,371,Dylan,468
609,Junior,369,Jaidyn,467
610,Romeo,369,Danica,465
611,Antoine,368,Kenya,465
612,Efrain,366,Arely,462
613,Jaquan,366,Tess,461
614,Irvin,365,Carlee,459
615,Waylon,365,Cristal,459
616,Coleman,363,Mariam,459
617,Camren,359,Janae,458
618,Dominik,359,Jolie,457
619,Duncan,359,Katlyn,457
620,Gunner,358,Pamela,457
621,Aron,357,Abbey,453
622,Alexzander,356,Arielle,451
623,Talon,356,Haven,451
624,Jabari,355,Cali,450
625,Kolton,355,Hadley,450
626,Mohammed,354,Kayden,450
627,Harold,349,Edith,446
628,Amarion,348,Abbie,445
629,Asa,348,Juliette,444
630,Jefferson,348,Karlee,444
631,Amare,347,Kennedi,444
632,Brice,347,Mayra,443
633,Misael,346,Noemi,443
634,Kasey,345,Emmalee,441
635,Mohammad,345,Monserrat,441
636,August,343,Cheyanne,440
637,Draven,341,Theresa,439
638,Julien,341,Kayley,438
639,Brycen,340,Tamara,438
640,Eugene,340,Ann,435
641,Kamron,340,Jamya,435
642,Maximiliano,340,Kaya,435
643,Brooks,339,Jazlyn,433
644,Dwayne,339,Amani,431
645,Moshe,338,Damaris,430
646,Sage,338,Tyra,430
647,Zechariah,338,Ingrid,429
648,Dashawn,336,Yazmin,428
649,Tyrell,336,Bailee,427
650,Ernest,335,Jaylin,426
651,Freddy,333,Stacy,426
652,Aydan,331,Ally,425
653,Maverick,331,Deborah,425
654,Clay,330,Jacquelyn,425
655,Alonso,329,Charity,423
656,Donte,328,Annalise,421
657,Lewis,328,Ansley,421
658,Keagan,327,Gisselle,421
659,Brennen,326,Catalina,420
660,Sincere,326,Cecelia,420
661,Layne,325,Gillian,420
662,Dale,323,Kaylyn,420
663,Kenyon,322,Meagan,420
664,Omari,322,Ayla,417
665,Octavio,321,Eve,417
666,Tyree,321,Kendal,417
667,Wayne,317,Angelique,416
668,Raphael,316,Hana,416
669,Demarion,315,Mariela,416
670,Alessandro,314,Paula,416
671,Jair,314,Lizeth,415
672,Ross,313,Mara,415
673,Ignacio,312,Jaylynn,413
674,Oswaldo,312,Clare,412
675,Bradyn,311,Thalia,412
676,Agustin,310,Kaylynn,411
677,Jordon,310,Celia,410
678,Davian,309,Lainey,410
679,Xzavier,309,Taniya,409
680,Cash,308,Giovanna,408
681,Aryan,307,Quinn,407
682,Matteo,305,Savanah,407
683,Dominique,304,Barbara,406
684,Gideon,304,Brisa,406
685,London,304,Greta,405
686,Lamar,303,Lyric,404
687,Boston,302,Aimee,403
688,Humberto,301,Annabella,403
689,Garret,300,Felicity,403
690,Mike,300,Alena,401
691,Muhammad,299,Kaia,401
692,Reagan,299,Tanya,401
693,Rhett,298,Karlie,400
694,Clarence,297,Karli,399
695,Jadyn,297,Ashanti,398
696,Lawson,297,Maeve,398
697,Adrien,296,Evelin,397
698,Tyrese,296,Aliya,396
699,Salvatore,295,Ashly,395
700,Kareem,294,Iliana,393
701,Kyan,293,Jaclyn,393
702,Semaj,293,Roselyn,392
703,Javion,292,Campbell,389
704,Ryland,292,Marianna,388
705,Derick,291,Jakayla,387
706,Jamar,290,Aryanna,386
707,Gavyn,289,Elyse,386
708,Markus,289,Aylin,385
709,Darnell,288,Stephany,385
710,Kian,288,Amiyah,384
711,Arjun,287,Aria,384
712,Ari,286,Parker,384
713,Barrett,286,Liana,383
714,Jaron,286,Ayana,382
715,Landyn,286,Cassie,382
716,Nathanial,286,Lesley,382
717,Frankie,283,Eileen,381
718,Rory,283,Ryann,381
719,Ryker,283,Makena,380
720,Armani,282,Sydnee,380
721,Giancarlo,282,Kaila,379
722,Kane,282,Tianna,379
723,Malakai,282,Brandy,378
724,Milo,282,Zaria,378
725,Alfred,280,Sherlyn,377
726,Clinton,279,Chaya,373
727,Hamza,279,Aisha,372
728,Cullen,278,Gia,372
729,Jaylan,277,Joslyn,372
730,Jovani,277,Adrienne,371
731,Roland,277,Princess,371
732,Aditya,276,Myah,370
733,Justus,276,Belinda,369
734,Kamari,276,Giana,368
735,Nigel,276,Aracely,367
736,Keshawn,275,Aubrie,367
737,Devyn,274,Aleah,366
738,Isai,274,Taliyah,366
739,Johnpaul,273,Aiyana,365
740,Nico,273,Mollie,365
741,Rigoberto,273,Carina,363
742,Dillan,272,Esperanza,363
743,Sterling,272,Harper,363
744,Giovanny,271,Rhiannon,363
745,Keon,271,Rosemary,362
746,Marques,271,Trista,362
747,Jorden,270,Leanna,361
748,Donavan,269,Saige,361
749,Anton,268,Deja,358
750,Enzo,267,Salma,358
751,Josh,266,Tyler,357
752,Karl,265,Alisa,356
753,Konner,265,Frances,355
754,Kale,264,Abigayle,354
755,Demarcus,263,Addyson,354
756,Estevan,263,Tatyana,354
757,Jaeden,263,Frida,352
758,Cale,262,Carol,351
759,Yair,262,Julianne,351
760,Braedon,261,Kelsie,351
761,Glenn,261,Elsa,350
762,Vance,261,Gretchen,349
763,Darryl,260,Hailie,348
764,Bo,259,Shea,348
765,Darien,259,Miah,347
766,Rylee,259,Rowan,347
767,Santos,259,Kaiya,346
768,Alden,258,Aliza,345
769,Gaven,258,Amiya,345
770,Hassan,258,Shyanne,345
771,Ralph,258,Xiomara,344
772,Cannon,257,Journey,343
773,Sheldon,257,Mattie,343
774,Coby,256,Annette,341
775,Augustus,255,Colleen,340
776,Seamus,254,Annabel,338
777,Vaughn,254,Yareli,338
778,Nathen,253,Ashton,334
779,Yosef,253,Brandi,333
780,German,251,Gracelyn,333
781,Layton,251,Libby,333
782,Luciano,250,Desirae,332
783,Roderick,249,Laurel,332
784,Antony,248,Marlee,332
785,Braulio,248,Jacey,331
786,Deangelo,247,Leticia,331
787,Elvis,247,Tina,331
788,Jovanni,247,Destini,330
789,Samir,247,Johana,329
790,Ellis,246,Karly,329
791,Atticus,245,Corinne,328
792,Clark,245,Jaycee,328
793,Malaki,245,Jaylene,328
794,Winston,244,Saniyah,327
795,Jamir,243,Ada,326
796,Adriel,242,Arabella,326
797,Heath,242,Rebeca,326
798,Jean,242,Chelsey,325
799,Sonny,241,Joyce,324
800,Stefan,241,Jaliyah,323
801,Deacon,240,Justine,323
802,Bruno,239,Lucille,323
803,Chaim,239,Sarahi,323
804,Korbin,239,Abril,322
805,Alexandro,238,Ciera,322
806,Marcel,238,Chasity,321
807,Marquise,238,Mikalah,321
808,Rex,237,Kayli,320
809,Shamar,235,Lorelei,320
810,Santino,234,Magdalena,320
811,Kylan,233,Lara,319
812,Mathias,233,Dalia,318
813,Nick,233,Emery,318
814,Cason,232,Keely,318
815,Reynaldo,232,Madalynn,318
816,Jovanny,231,Maura,318
817,Prince,231,Karley,317
818,Quinten,231,Karol,316
819,Makai,230,Raina,316
820,Milton,230,Arleth,314
821,Adonis,229,Blanca,313
822,Garrison,229,Sanaa,312
823,Howard,229,Toni,312
824,Brad,228,Alize,311
825,Remington,228,Yahaira,311
826,Konnor,227,Jewel,310
827,Elmer,226,Amelie,309
828,Jovany,226,Kaylah,309
829,Nestor,226,Kaylen,309
830,Deon,225,Jaylee,307
831,Kaeden,224,Antonia,306
832,Bernard,223,Arlene,306
833,Cortez,223,Cayla,306
834,Braylen,222,Donna,305
835,Carlo,222,Carrie,304
836,Conrad,222,Makaila,304
837,Sidney,222,Kaliyah,303
838,Savion,221,Paloma,303
839,Devonte,220,Yvette,303
840,Ean,220,Alysa,302
841,Jordy,219,Shayna,302
842,Rashad,219,Katharine,301
843,Dangelo,218,Moriah,301
844,Houston,218,Kianna,300
845,Josef,218,Lacie,299
846,Lucian,217,Shaylee,299
847,Pranav,217,Breana,298
848,Antwan,216,Danika,298
849,Aydin,216,Jenifer,298
850,Gonzalo,216,Karma,298
851,Keyon,216,Micaela,298
852,Reuben,216,Bria,296
853,Simeon,216,Kenia,296
854,Cael,215,Yaritza,296
855,Dario,215,Maliyah,295
856,Marcelo,215,Meadow,295
857,Tristian,215,Micah,295
858,Zain,215,Rayna,295
859,Blaze,214,Selina,295
860,Jan,214,Abigale,294
861,Kadyn,214,Aleena,294
862,Sammy,214,Stacey,294
863,Domenic,213,Jaelynn,293
864,Elian,213,Kenna,293
865,Kamden,213,Lyla,293
866,Darwin,212,Siena,293
867,Haden,212,Susana,293
868,Luka,212,Nicolette,292
869,Matias,212,Sandy,292
870,Dexter,211,Yoselin,292
871,Leandro,211,Riya,291
872,Paxton,211,Savana,291
873,Zaire,211,Camilla,290
874,Giovani,210,Devyn,290
875,Jovan,209,Halie,290
876,Nikhil,209,Lizette,290
877,Gordon,208,Aryana,289
878,Teagan,208,Galilea,289
879,Aedan,207,Iyana,289
880,Bronson,207,Sariah,289
881,Franco,207,Abagail,288
882,Jamel,207,Amina,286
883,Korey,207,Phoenix,286
884,Andreas,206,Hillary,285
885,Abdullah,205,Kallie,285
886,Carmine,205,Kya,285
887,Matthias,205,Janiah,284
888,Finnegan,204,Kathy,284
889,Kason,203,Keyla,284
890,Soren,203,Shirley,284
891,Travon,203,Anabelle,283
892,Jacoby,202,Naima,283
893,Kanye,202,Nichole,282
894,Karter,202,Isabell,281
895,Zakary,202,Mina,281
896,Chaz,201,Miya,281
897,Denzel,201,Nyasia,281
898,Ronaldo,201,Tayler,281
899,Vincenzo,201,Charlize,279
900,Damari,200,Joana,279
901,Darrius,199,Adelaide,278
902,Rey,199,Graciela,278
903,Carmelo,198,Jaylyn,278
904,Messiah,198,Shyann,278
905,Stephan,198,Devin,277
906,Zavier,197,Jalyn,277
907,Broderick,196,Flor,276
908,Norman,196,Mira,276
909,Gaige,195,Nya,275
910,Tyshawn,195,Elissa,274
911,Jeramiah,194,Jasmyn,274
912,Royce,194,Mireya,273
913,Shannon,194,Taniyah,273
914,Maximo,193,Anneliese,272
915,Yehuda,193,Chanel,272
916,Gannon,192,Citlali,272
917,Perry,192,Destiney,271
918,Thaddeus,192,Yuliana,271
919,Ethen,191,Alani,270
920,Fredrick,191,Elsie,270
921,Fredy,191,Mandy,270
922,Immanuel,191,Margarita,270
923,Keven,191,Zara,270
924,Maximillian,191,Angeline,269
925,Clifford,190,Candace,269
926,Makhi,190,Elliana,269
927,Sullivan,190,Estefania,269
928,Cristofer,189,Essence,268
929,Jordyn,188,Maleah,268
930,Kamren,188,Unique,268
931,Nash,188,Jalynn,267
932,Zack,188,Livia,266
933,Brenton,187,Maren,266
934,Darin,187,Reina,266
935,Destin,187,Areli,265
936,Leroy,187,Jailyn,265
937,Campbell,186,Astrid,264
938,Colt,186,Nathaly,264
939,Dandre,186,Zariah,264
940,Deshaun,186,Celine,263
941,Dimitri,186,Cloe,263
942,Jaidyn,186,Lacy,263
943,Jarvis,186,Selah,263
944,Tayshaun,186,Anais,262
945,Baby,185,Sky,262
946,Darion,185,Delia,261
947,Daryl,185,Karis,261
948,Stone,185,Kasandra,261
949,Austen,184,Kinsley,261
950,Marquez,184,Shreya,261
951,Rishi,184,Fabiola,260
952,Valentin,184,Katarina,260
953,Earl,183,Chana,259
954,Guadalupe,183,Brylee,258
955,Jaydin,183,Jolette,258
956,Kelton,183,Natalya,258
957,Shea,183,Tatianna,258
958,Yusuf,183,Armani,257
959,Bernardo,182,Charlie,257
960,Elvin,182,Diya,257
961,Hugh,182,Ebony,257
962,Kurt,182,Jayleen,257
963,Mariano,182,Devon,256
964,Gauge,181,Myla,256
965,Menachem,181,Anjali,255
966,Branson,180,Marin,255
967,Camryn,180,Lucero,254
968,Carlton,180,Yuridia,254
969,Dion,180,Alia,252
970,Mikel,180,Drew,252
971,Rocky,180,Hayleigh,252
972,Arnav,179,Jana,252
973,Dallin,179,Roxana,252
974,Fidel,179,Samira,252
975,Keanu,179,Addie,251
976,Efren,178,Dania,251
977,Jaren,178,Nikki,251
978,Reilly,178,Valery,251
979,Shayne,178,Denisse,250
980,Dylon,177,Kinsey,250
981,Maxim,177,Lina,250
982,Rhys,177,Amaris,249
983,Ulysses,177,Katelin,249
984,Irving,176,Averie,248
985,Keyshawn,176,Celina,248
986,Markell,176,Finley,248
987,Cornelius,175,Silvia,248
988,Cristobal,175,Zion,248
989,Daquan,175,Belen,247
990,Geoffrey,174,Felicia,247
991,Jax,174,Maryjane,247
992,Van,174,Elyssa,246
993,Eliseo,173,Lilianna,246
994,Isaak,173,Brianne,245
995,Joan,173,Christiana,245
996,Kennedy,173,Iyanna,245
997,Adin,172,Kaci,245
998,Blaise,172,Leyla,245
999,Fisher,172,Azaria,244
1000,Jaheim,172,Estefani,244
"Note: Rank 1 is the most popular, rank 2 is the next most popular, and so forth.",,,,
,,,,
All names are from Social Security card applications for births that occurred in the United States.,,,,